{"bounds":{"east":105.00020027160645,"north":31.000070571899414,"south":29.9996280670166,"west":103.99975776672363},"contentType":"quantizedmesh","latLonBounds":{"east":105.00020027160645,"north":31.000070571899414,"south":29.9996280670166,"west":103.99975776672363},"maxzoom":14,"minzoom":0,"proj":4326,"tiletrans":"tms","type":"terrain","ziped":false}